{
    "20191230_trial15_30epochs_pool_seed42": 0.34647801302931597,
    "20191230_trial16_30epochs_pool_seed1234": 0.3540105863192183,
    "20191230_trial17_30epochs_pool_seed99": 0.35052117263843646,
    "20191230_trial18_30epochs_pool_seed613": 0.34594055374592836,
    "20191230_trial19_30epochs_pool_seed1000": 0.3506514657980456
}