{
    "20191228_trial08_30epochs_seed42": 0.5229682410423453,
    "20191228_trial09_30epochs_seed1234": 0.5232451140065146,
    "20191228_trial10_30epochs_seed99": 0.5183021172638437,
    "20191228_trial11_30epochs_seed613": 0.5205700325732899,
    "20191228_trial12_30epochs_seed1000": 0.5233184039087948
}